text,image,page_url
"丝柯克","https://patchwiki.biligame.com/images/ys/thumb/e/ee/62ibcau9qf7u7yt1e0gsgteqonwpn5v.png/60px-%E5%8D%A1%E7%89%8C-%E8%A7%92%E8%89%B2%E7%89%8C-%E4%B8%9D%E6%9F%AF%E5%85%8B.png","https://wiki.biligame.com/ys/%E5%8D%A1%E7%89%8C%EF%BC%9A%E4%B8%9D%E6%9F%AF%E5%85%8B"
"圣骸角鳄","https://patchwiki.biligame.com/images/ys/thumb/1/13/axt3881ksh83yriwr1dp3znbffjacav.png/60px-%E5%8D%A1%E7%89%8C-%E8%A7%92%E8%89%B2%E7%89%8C-%E5%9C%A3%E9%AA%B8%E8%A7%92%E9%B3%84.png","https://wiki.biligame.com/ys/%E5%8D%A1%E7%89%8C%EF%BC%9A%E5%9C%A3%E9%AA%B8%E8%A7%92%E9%B3%84"
"欧洛伦","https://patchwiki.biligame.com/images/ys/thumb/c/c9/q0zt05fd8oszevcnzksvqmqxdblmqq8.png/60px-%E5%8D%A1%E7%89%8C-%E8%A7%92%E8%89%B2%E7%89%8C-%E6%AC%A7%E6%B4%9B%E4%BC%A6.png","https://wiki.biligame.com/ys/%E5%8D%A1%E7%89%8C%EF%BC%9A%E6%AC%A7%E6%B4%9B%E4%BC%A6"
"嘉明","https://patchwiki.biligame.com/images/ys/thumb/1/1b/4i50053j4g3kt7teyneb0vyhbj21w3y.png/60px-%E5%8D%A1%E7%89%8C-%E8%A7%92%E8%89%B2%E7%89%8C-%E5%98%89%E6%98%8E.png","https://wiki.biligame.com/ys/%E5%8D%A1%E7%89%8C%EF%BC%9A%E5%98%89%E6%98%8E"
"爱可菲","https://patchwiki.biligame.com/images/ys/thumb/8/83/jgznngwclgvfcclzp3wj6omnamhp3o9.png/60px-%E5%8D%A1%E7%89%8C-%E8%A7%92%E8%89%B2%E7%89%8C-%E7%88%B1%E5%8F%AF%E8%8F%B2.png","https://wiki.biligame.com/ys/%E5%8D%A1%E7%89%8C%EF%BC%9A%E7%88%B1%E5%8F%AF%E8%8F%B2"
"黑蛇骑士·摧岩之钺","https://patchwiki.biligame.com/images/ys/thumb/6/6d/d6pljovbrn5ti82io3w1vhnanbw1q15.png/60px-%E5%8D%A1%E7%89%8C-%E8%A7%92%E8%89%B2%E7%89%8C-%E9%BB%91%E8%9B%87%E9%AA%91%E5%A3%AB%C2%B7%E6%91%A7%E5%B2%A9%E4%B9%8B%E9%92%BA.png","https://wiki.biligame.com/ys/%E5%8D%A1%E7%89%8C%EF%BC%9A%E9%BB%91%E8%9B%87%E9%AA%91%E5%A3%AB%C2%B7%E6%91%A7%E5%B2%A9%E4%B9%8B%E9%92%BA"
"伊法","https://patchwiki.biligame.com/images/ys/thumb/2/2e/5y7suy49zpaavh805thahwe1a6r09ws.png/60px-%E5%8D%A1%E7%89%8C-%E8%A7%92%E8%89%B2%E7%89%8C-%E4%BC%8A%E6%B3%95.png","https://wiki.biligame.com/ys/%E5%8D%A1%E7%89%8C%EF%BC%9A%E4%BC%8A%E6%B3%95"
"水形幻人","https://patchwiki.biligame.com/images/ys/thumb/4/48/gd8hu6idm73wkxfq4nnspur31i6savx.png/60px-%E5%8D%A1%E7%89%8C-%E8%A7%92%E8%89%B2%E7%89%8C-%E6%B0%B4%E5%BD%A2%E5%B9%BB%E4%BA%BA.png","https://wiki.biligame.com/ys/%E5%8D%A1%E7%89%8C%EF%BC%9A%E6%B0%B4%E5%BD%A2%E5%B9%BB%E4%BA%BA"
"瓦雷莎","https://patchwiki.biligame.com/images/ys/thumb/4/46/rdty4sp9zdulyvkd0ojl58uizcr6ezl.png/60px-%E5%8D%A1%E7%89%8C-%E8%A7%92%E8%89%B2%E7%89%8C-%E7%93%A6%E9%9B%B7%E8%8E%8E.png","https://wiki.biligame.com/ys/%E5%8D%A1%E7%89%8C%EF%BC%9A%E7%93%A6%E9%9B%B7%E8%8E%8E"
"伊安珊","https://patchwiki.biligame.com/images/ys/thumb/6/62/1iki3sd24xj8n87fumip6929qwej0o7.png/60px-%E5%8D%A1%E7%89%8C-%E8%A7%92%E8%89%B2%E7%89%8C-%E4%BC%8A%E5%AE%89%E7%8F%8A.png","https://wiki.biligame.com/ys/%E5%8D%A1%E7%89%8C%EF%BC%9A%E4%BC%8A%E5%AE%89%E7%8F%8A"
"梦见月瑞希","https://patchwiki.biligame.com/images/ys/thumb/2/20/c8odnou1yfnpblx5ei6xtcifx8i3nhv.png/60px-%E5%8D%A1%E7%89%8C-%E8%A7%92%E8%89%B2%E7%89%8C-%E6%A2%A6%E8%A7%81%E6%9C%88%E7%91%9E%E5%B8%8C.png","https://wiki.biligame.com/ys/%E5%8D%A1%E7%89%8C%EF%BC%9A%E6%A2%A6%E8%A7%81%E6%9C%88%E7%91%9E%E5%B8%8C"
"蚀灭的源焰之主","https://patchwiki.biligame.com/images/ys/thumb/7/74/7x6qsotsievkyhd3e7ydwxine8yjgtb.png/60px-%E5%8D%A1%E7%89%8C-%E8%A7%92%E8%89%B2%E7%89%8C-%E8%9A%80%E7%81%AD%E7%9A%84%E6%BA%90%E7%84%B0%E4%B9%8B%E4%B8%BB.png","https://wiki.biligame.com/ys/%E5%8D%A1%E7%89%8C%EF%BC%9A%E8%9A%80%E7%81%AD%E7%9A%84%E6%BA%90%E7%84%B0%E4%B9%8B%E4%B8%BB"
"蓝砚","https://patchwiki.biligame.com/images/ys/thumb/6/63/fhwydjs7wspdmcvp4pzkmz76s452kj6.png/60px-%E5%8D%A1%E7%89%8C-%E8%A7%92%E8%89%B2%E7%89%8C-%E8%93%9D%E7%A0%9A.png","https://wiki.biligame.com/ys/%E5%8D%A1%E7%89%8C%EF%BC%9A%E8%93%9D%E7%A0%9A"
"贪食匿叶龙山王","https://patchwiki.biligame.com/images/ys/thumb/1/10/2njrneo3q87my1iu009m96packz2aqn.png/60px-%E5%8D%A1%E7%89%8C-%E8%A7%92%E8%89%B2%E7%89%8C-%E8%B4%AA%E9%A3%9F%E5%8C%BF%E5%8F%B6%E9%BE%99%E5%B1%B1%E7%8E%8B.png","https://wiki.biligame.com/ys/%E5%8D%A1%E7%89%8C%EF%BC%9A%E8%B4%AA%E9%A3%9F%E5%8C%BF%E5%8F%B6%E9%BE%99%E5%B1%B1%E7%8E%8B"
"鹿野院平藏","https://patchwiki.biligame.com/images/ys/thumb/a/ab/3tn5qx9jy54292mpcwr45lmro8rtt1p.png/60px-%E5%8D%A1%E7%89%8C-%E8%A7%92%E8%89%B2%E7%89%8C-%E9%B9%BF%E9%87%8E%E9%99%A2%E5%B9%B3%E8%97%8F.png","https://wiki.biligame.com/ys/%E5%8D%A1%E7%89%8C%EF%BC%9A%E9%B9%BF%E9%87%8E%E9%99%A2%E5%B9%B3%E8%97%8F"
"恰斯卡","https://patchwiki.biligame.com/images/ys/thumb/3/3f/8lkzbaupnlfsng9uu58eruus6biqbzu.png/60px-%E5%8D%A1%E7%89%8C-%E8%A7%92%E8%89%B2%E7%89%8C-%E6%81%B0%E6%96%AF%E5%8D%A1.png","https://wiki.biligame.com/ys/%E5%8D%A1%E7%89%8C%EF%BC%9A%E6%81%B0%E6%96%AF%E5%8D%A1"
"玛薇卡","https://patchwiki.biligame.com/images/ys/thumb/e/e2/jdsa5z8ag1xih7j2cftkovcfejtqzxi.png/60px-%E5%8D%A1%E7%89%8C-%E8%A7%92%E8%89%B2%E7%89%8C-%E7%8E%9B%E8%96%87%E5%8D%A1.png","https://wiki.biligame.com/ys/%E5%8D%A1%E7%89%8C%EF%BC%9A%E7%8E%9B%E8%96%87%E5%8D%A1"
"茜特菈莉","https://patchwiki.biligame.com/images/ys/thumb/b/bf/d796elr9dtobk0pwj6dozf8fzscau0w.png/60px-%E5%8D%A1%E7%89%8C-%E8%A7%92%E8%89%B2%E7%89%8C-%E8%8C%9C%E7%89%B9%E8%8F%88%E8%8E%89.png","https://wiki.biligame.com/ys/%E5%8D%A1%E7%89%8C%EF%BC%9A%E8%8C%9C%E7%89%B9%E8%8F%88%E8%8E%89"
"希诺宁","https://patchwiki.biligame.com/images/ys/thumb/4/4d/ii4lsb26ve8rutn5lbi42bs1lzbpuzl.png/60px-%E5%8D%A1%E7%89%8C-%E8%A7%92%E8%89%B2%E7%89%8C-%E5%B8%8C%E8%AF%BA%E5%AE%81.png","https://wiki.biligame.com/ys/%E5%8D%A1%E7%89%8C%EF%BC%9A%E5%B8%8C%E8%AF%BA%E5%AE%81"
"赛索斯","https://patchwiki.biligame.com/images/ys/thumb/d/d5/2bxu1ppvufrppdzr83gl6pptm2yhlph.png/60px-%E5%8D%A1%E7%89%8C-%E8%A7%92%E8%89%B2%E7%89%8C-%E8%B5%9B%E7%B4%A2%E6%96%AF.png","https://wiki.biligame.com/ys/%E5%8D%A1%E7%89%8C%EF%BC%9A%E8%B5%9B%E7%B4%A2%E6%96%AF"
"卡齐娜","https://patchwiki.biligame.com/images/ys/thumb/d/d8/5coaii5e6fs78ttvfnrsdzl533dp66r.png/60px-%E5%8D%A1%E7%89%8C-%E8%A7%92%E8%89%B2%E7%89%8C-%E5%8D%A1%E9%BD%90%E5%A8%9C.png","https://wiki.biligame.com/ys/%E5%8D%A1%E7%89%8C%EF%BC%9A%E5%8D%A1%E9%BD%90%E5%A8%9C"
"艾梅莉埃","https://patchwiki.biligame.com/images/ys/thumb/3/36/c1so9y2ab2a8l1vi93ansfqi11880c2.png/60px-%E5%8D%A1%E7%89%8C-%E8%A7%92%E8%89%B2%E7%89%8C-%E8%89%BE%E6%A2%85%E8%8E%89%E5%9F%83.png","https://wiki.biligame.com/ys/%E5%8D%A1%E7%89%8C%EF%BC%9A%E8%89%BE%E6%A2%85%E8%8E%89%E5%9F%83"
"基尼奇","https://patchwiki.biligame.com/images/ys/thumb/1/16/jlpwfxy6bazwmh0u5i2iwp9v620vd3r.png/60px-%E5%8D%A1%E7%89%8C-%E8%A7%92%E8%89%B2%E7%89%8C-%E5%9F%BA%E5%B0%BC%E5%A5%87.png","https://wiki.biligame.com/ys/%E5%8D%A1%E7%89%8C%EF%BC%9A%E5%9F%BA%E5%B0%BC%E5%A5%87"
"阿蕾奇诺","https://patchwiki.biligame.com/images/ys/thumb/8/8f/qowphw3dl48lseb3zw5f895uv8ecb3p.png/60px-%E5%8D%A1%E7%89%8C-%E8%A7%92%E8%89%B2%E7%89%8C-%E9%98%BF%E8%95%BE%E5%A5%87%E8%AF%BA.png","https://wiki.biligame.com/ys/%E5%8D%A1%E7%89%8C%EF%BC%9A%E9%98%BF%E8%95%BE%E5%A5%87%E8%AF%BA"
"克洛琳德","https://patchwiki.biligame.com/images/ys/thumb/7/75/nynk2hgoy2z9v7weawmlc8tzy1ftdoa.png/60px-%E5%8D%A1%E7%89%8C-%E8%A7%92%E8%89%B2%E7%89%8C-%E5%85%8B%E6%B4%9B%E7%90%B3%E5%BE%B7.png","https://wiki.biligame.com/ys/%E5%8D%A1%E7%89%8C%EF%BC%9A%E5%85%8B%E6%B4%9B%E7%90%B3%E5%BE%B7"
"玛拉妮","https://patchwiki.biligame.com/images/ys/thumb/d/d6/b0y3u816pzdh69bhogi6m2pryj629l7.png/60px-%E5%8D%A1%E7%89%8C-%E8%A7%92%E8%89%B2%E7%89%8C-%E7%8E%9B%E6%8B%89%E5%A6%AE.png","https://wiki.biligame.com/ys/%E5%8D%A1%E7%89%8C%EF%BC%9A%E7%8E%9B%E6%8B%89%E5%A6%AE"
"希格雯","https://patchwiki.biligame.com/images/ys/thumb/e/e9/2cdn00zecfz24vgnpfc2qz1silm5j9b.png/60px-%E5%8D%A1%E7%89%8C-%E8%A7%92%E8%89%B2%E7%89%8C-%E5%B8%8C%E6%A0%BC%E9%9B%AF.png","https://wiki.biligame.com/ys/%E5%8D%A1%E7%89%8C%EF%BC%9A%E5%B8%8C%E6%A0%BC%E9%9B%AF"
"罗莎莉亚","https://patchwiki.biligame.com/images/ys/thumb/6/6e/i8w9q8yffo6gkeunhl7pumdp9d6159s.png/60px-%E5%8D%A1%E7%89%8C-%E8%A7%92%E8%89%B2%E7%89%8C-%E7%BD%97%E8%8E%8E%E8%8E%89%E4%BA%9A.png","https://wiki.biligame.com/ys/%E5%8D%A1%E7%89%8C%EF%BC%9A%E7%BD%97%E8%8E%8E%E8%8E%89%E4%BA%9A"
"黄金王兽","https://patchwiki.biligame.com/images/ys/thumb/8/8a/6u8dfg16ofgnga42lqwisea3rf4yngd.png/60px-%E5%8D%A1%E7%89%8C-%E8%A7%92%E8%89%B2%E7%89%8C-%E9%BB%84%E9%87%91%E7%8E%8B%E5%85%BD.png","https://wiki.biligame.com/ys/%E5%8D%A1%E7%89%8C%EF%BC%9A%E9%BB%84%E9%87%91%E7%8E%8B%E5%85%BD"
"千织","https://patchwiki.biligame.com/images/ys/thumb/7/71/fk4o5hsgomerd0kkaqkuw23qv163530.png/60px-%E5%8D%A1%E7%89%8C-%E8%A7%92%E8%89%B2%E7%89%8C-%E5%8D%83%E7%BB%87.png","https://wiki.biligame.com/ys/%E5%8D%A1%E7%89%8C%EF%BC%9A%E5%8D%83%E7%BB%87"
"深渊咏者·紫电","https://patchwiki.biligame.com/images/ys/thumb/a/ac/5f69emp2ej6ma7gqxh44y83jei1ah79.png/60px-%E5%8D%A1%E7%89%8C-%E8%A7%92%E8%89%B2%E7%89%8C-%E6%B7%B1%E6%B8%8A%E5%92%8F%E8%80%85%C2%B7%E7%B4%AB%E7%94%B5.png","https://wiki.biligame.com/ys/%E5%8D%A1%E7%89%8C%EF%BC%9A%E6%B7%B1%E6%B8%8A%E5%92%8F%E8%80%85%C2%B7%E7%B4%AB%E7%94%B5"
"镀金旅团·叶轮舞者","https://patchwiki.biligame.com/images/ys/thumb/b/b6/50jgdn86twlfa8saw5gfvr3lgnqpeyt.png/60px-%E5%8D%A1%E7%89%8C-%E8%A7%92%E8%89%B2%E7%89%8C-%E9%95%80%E9%87%91%E6%97%85%E5%9B%A2%C2%B7%E5%8F%B6%E8%BD%AE%E8%88%9E%E8%80%85.png","https://wiki.biligame.com/ys/%E5%8D%A1%E7%89%8C%EF%BC%9A%E9%95%80%E9%87%91%E6%97%85%E5%9B%A2%C2%B7%E5%8F%B6%E8%BD%AE%E8%88%9E%E8%80%85"
"丘丘水行游侠","https://patchwiki.biligame.com/images/ys/thumb/7/74/luczmn92n2v1l1q0wl4zod6yt8v1y09.png/60px-%E5%8D%A1%E7%89%8C-%E8%A7%92%E8%89%B2%E7%89%8C-%E4%B8%98%E4%B8%98%E6%B0%B4%E8%A1%8C%E6%B8%B8%E4%BE%A0.png","https://wiki.biligame.com/ys/%E5%8D%A1%E7%89%8C%EF%BC%9A%E4%B8%98%E4%B8%98%E6%B0%B4%E8%A1%8C%E6%B8%B8%E4%BE%A0"
"菲米尼","https://patchwiki.biligame.com/images/ys/thumb/2/2c/l98ue17fn8bw1mg50fyhbknf9rzurlm.png/60px-%E5%8D%A1%E7%89%8C-%E8%A7%92%E8%89%B2%E7%89%8C-%E8%8F%B2%E7%B1%B3%E5%B0%BC.png","https://wiki.biligame.com/ys/%E5%8D%A1%E7%89%8C%EF%BC%9A%E8%8F%B2%E7%B1%B3%E5%B0%BC"
"闲云","https://patchwiki.biligame.com/images/ys/thumb/6/63/4wcct09t7g0got3gp8m8cz3tctk1v2x.png/60px-%E5%8D%A1%E7%89%8C-%E8%A7%92%E8%89%B2%E7%89%8C-%E9%97%B2%E4%BA%91.png","https://wiki.biligame.com/ys/%E5%8D%A1%E7%89%8C%EF%BC%9A%E9%97%B2%E4%BA%91"
"夏沃蕾","https://patchwiki.biligame.com/images/ys/thumb/7/70/omsfsz72y8vofosxh4fmj5hgpmae2hh.png/60px-%E5%8D%A1%E7%89%8C-%E8%A7%92%E8%89%B2%E7%89%8C-%E5%A4%8F%E6%B2%83%E8%95%BE.png","https://wiki.biligame.com/ys/%E5%8D%A1%E7%89%8C%EF%BC%9A%E5%A4%8F%E6%B2%83%E8%95%BE"
"娜维娅","https://patchwiki.biligame.com/images/ys/thumb/a/a5/6ychmcc9jrbbjgclnrjxx80dt1inzpb.png/60px-%E5%8D%A1%E7%89%8C-%E8%A7%92%E8%89%B2%E7%89%8C-%E5%A8%9C%E7%BB%B4%E5%A8%85.png","https://wiki.biligame.com/ys/%E5%8D%A1%E7%89%8C%EF%BC%9A%E5%A8%9C%E7%BB%B4%E5%A8%85"
"愚人众·霜役人","https://patchwiki.biligame.com/images/ys/thumb/3/36/qpd35dx9g6ahq8ozcghxsjaoa88aaae.png/60px-%E5%8D%A1%E7%89%8C-%E8%A7%92%E8%89%B2%E7%89%8C-%E6%84%9A%E4%BA%BA%E4%BC%97%C2%B7%E9%9C%9C%E5%BD%B9%E4%BA%BA.png","https://wiki.biligame.com/ys/%E5%8D%A1%E7%89%8C%EF%BC%9A%E6%84%9A%E4%BA%BA%E4%BC%97%C2%B7%E9%9C%9C%E5%BD%B9%E4%BA%BA"
"云堇","https://patchwiki.biligame.com/images/ys/thumb/8/8f/5ut9e41fpsjb0b3s9fo4uthm6g6htjn.png/60px-%E5%8D%A1%E7%89%8C-%E8%A7%92%E8%89%B2%E7%89%8C-%E4%BA%91%E5%A0%87.png","https://wiki.biligame.com/ys/%E5%8D%A1%E7%89%8C%EF%BC%9A%E4%BA%91%E5%A0%87"
"卡维","https://patchwiki.biligame.com/images/ys/thumb/d/d2/i1wnpa8e7lkoszk26c383kizyblomjx.png/60px-%E5%8D%A1%E7%89%8C-%E8%A7%92%E8%89%B2%E7%89%8C-%E5%8D%A1%E7%BB%B4.png","https://wiki.biligame.com/ys/%E5%8D%A1%E7%89%8C%EF%BC%9A%E5%8D%A1%E7%BB%B4"
"吞星之鲸","https://patchwiki.biligame.com/images/ys/thumb/2/26/0j9zsxkwvh1ot7wfuohlq7blw0gffrv.png/60px-%E5%8D%A1%E7%89%8C-%E8%A7%92%E8%89%B2%E7%89%8C-%E5%90%9E%E6%98%9F%E4%B9%8B%E9%B2%B8.png","https://wiki.biligame.com/ys/%E5%8D%A1%E7%89%8C%EF%BC%9A%E5%90%9E%E6%98%9F%E4%B9%8B%E9%B2%B8"
"圣骸毒蝎","https://patchwiki.biligame.com/images/ys/thumb/f/f1/rpqp8lgkcprubn7yen62916nyyb22o9.png/60px-%E5%8D%A1%E7%89%8C-%E8%A7%92%E8%89%B2%E7%89%8C-%E5%9C%A3%E9%AA%B8%E6%AF%92%E8%9D%8E.png","https://wiki.biligame.com/ys/%E5%8D%A1%E7%89%8C%EF%BC%9A%E5%9C%A3%E9%AA%B8%E6%AF%92%E8%9D%8E"
"圣骸飞蛇","https://patchwiki.biligame.com/images/ys/thumb/e/e6/0j2p5nh919gd5zu0ydfzddwsmphvefk.png/60px-%E5%8D%A1%E7%89%8C-%E8%A7%92%E8%89%B2%E7%89%8C-%E5%9C%A3%E9%AA%B8%E9%A3%9E%E8%9B%87.png","https://wiki.biligame.com/ys/%E5%8D%A1%E7%89%8C%EF%BC%9A%E5%9C%A3%E9%AA%B8%E9%A3%9E%E8%9B%87"
"芙宁娜","https://patchwiki.biligame.com/images/ys/thumb/e/eb/syv2zt823tt8sd11omg61ll43zs9bu6.png/60px-%E5%8D%A1%E7%89%8C-%E8%A7%92%E8%89%B2%E7%89%8C-%E8%8A%99%E5%AE%81%E5%A8%9C.png","https://wiki.biligame.com/ys/%E5%8D%A1%E7%89%8C%EF%BC%9A%E8%8A%99%E5%AE%81%E5%A8%9C"
"莱欧斯利","https://patchwiki.biligame.com/images/ys/thumb/9/99/o1ssoa0j4xbj5vl1wt0x7inkzeb5xjq.png/60px-%E5%8D%A1%E7%89%8C-%E8%A7%92%E8%89%B2%E7%89%8C-%E8%8E%B1%E6%AC%A7%E6%96%AF%E5%88%A9.png","https://wiki.biligame.com/ys/%E5%8D%A1%E7%89%8C%EF%BC%9A%E8%8E%B1%E6%AC%A7%E6%96%AF%E5%88%A9"
"辛焱","https://patchwiki.biligame.com/images/ys/thumb/6/69/62m1d0i38aeb0cp6azg77cszgubgtir.png/60px-%E5%8D%A1%E7%89%8C-%E8%A7%92%E8%89%B2%E7%89%8C-%E8%BE%9B%E7%84%B1.png","https://wiki.biligame.com/ys/%E5%8D%A1%E7%89%8C%EF%BC%9A%E8%BE%9B%E7%84%B1"
"阿佩普的绿洲守望者","https://patchwiki.biligame.com/images/ys/thumb/8/80/e5if0jjxzjkb17x8ru8ydm7my2cjm7l.png/60px-%E5%8D%A1%E7%89%8C-%E8%A7%92%E8%89%B2%E7%89%8C-%E9%98%BF%E4%BD%A9%E6%99%AE%E7%9A%84%E7%BB%BF%E6%B4%B2%E5%AE%88%E6%9C%9B%E8%80%85.png","https://wiki.biligame.com/ys/%E5%8D%A1%E7%89%8C%EF%BC%9A%E9%98%BF%E4%BD%A9%E6%99%AE%E7%9A%84%E7%BB%BF%E6%B4%B2%E5%AE%88%E6%9C%9B%E8%80%85"
"久岐忍","https://patchwiki.biligame.com/images/ys/thumb/c/cc/nhq9yblacmapthks6690qay2l52t6zc.png/60px-%E5%8D%A1%E7%89%8C-%E8%A7%92%E8%89%B2%E7%89%8C-%E4%B9%85%E5%B2%90%E5%BF%8D.png","https://wiki.biligame.com/ys/%E5%8D%A1%E7%89%8C%EF%BC%9A%E4%B9%85%E5%B2%90%E5%BF%8D"
"深渊使徒·激流","https://patchwiki.biligame.com/images/ys/thumb/3/3f/f17jaqnfyjgpug6m03100bakm51e5et.png/60px-%E5%8D%A1%E7%89%8C-%E8%A7%92%E8%89%B2%E7%89%8C-%E6%B7%B1%E6%B8%8A%E4%BD%BF%E5%BE%92%C2%B7%E6%BF%80%E6%B5%81.png","https://wiki.biligame.com/ys/%E5%8D%A1%E7%89%8C%EF%BC%9A%E6%B7%B1%E6%B8%8A%E4%BD%BF%E5%BE%92%C2%B7%E6%BF%80%E6%B5%81"
"珐露珊","https://patchwiki.biligame.com/images/ys/thumb/d/d2/3bqkjia47p6yq25cxgn5l9qugsw4raf.png/60px-%E5%8D%A1%E7%89%8C-%E8%A7%92%E8%89%B2%E7%89%8C-%E7%8F%90%E9%9C%B2%E7%8F%8A.png","https://wiki.biligame.com/ys/%E5%8D%A1%E7%89%8C%EF%BC%9A%E7%8F%90%E9%9C%B2%E7%8F%8A"
"铁甲熔火帝皇","https://patchwiki.biligame.com/images/ys/thumb/8/84/lyh1w06ddr8pnz0xqvvp4tx0olalytz.png/60px-%E5%8D%A1%E7%89%8C-%E8%A7%92%E8%89%B2%E7%89%8C-%E9%93%81%E7%94%B2%E7%86%94%E7%81%AB%E5%B8%9D%E7%9A%87.png","https://wiki.biligame.com/ys/%E5%8D%A1%E7%89%8C%EF%BC%9A%E9%93%81%E7%94%B2%E7%86%94%E7%81%AB%E5%B8%9D%E7%9A%87"
"夏洛蒂","https://patchwiki.biligame.com/images/ys/thumb/1/17/7z8fbk3hv6wdprrrc63gok2uji46nsf.png/60px-%E5%8D%A1%E7%89%8C-%E8%A7%92%E8%89%B2%E7%89%8C-%E5%A4%8F%E6%B4%9B%E8%92%82.png","https://wiki.biligame.com/ys/%E5%8D%A1%E7%89%8C%EF%BC%9A%E5%A4%8F%E6%B4%9B%E8%92%82"
"愚人众·雷萤术士","https://patchwiki.biligame.com/images/ys/thumb/1/13/35z73s0yvn0wcvfbwkpd4msw4f7vzwx.png/60px-%E5%8D%A1%E7%89%8C-%E8%A7%92%E8%89%B2%E7%89%8C-%E6%84%9A%E4%BA%BA%E4%BC%97%C2%B7%E9%9B%B7%E8%90%A4%E6%9C%AF%E5%A3%AB.png","https://wiki.biligame.com/ys/%E5%8D%A1%E7%89%8C%EF%BC%9A%E6%84%9A%E4%BA%BA%E4%BC%97%C2%B7%E9%9B%B7%E8%90%A4%E6%9C%AF%E5%A3%AB"
"绮良良","https://patchwiki.biligame.com/images/ys/thumb/4/40/mjvl3vn75n8s9flos7u2i4juj147js6.png/60px-%E5%8D%A1%E7%89%8C-%E8%A7%92%E8%89%B2%E7%89%8C-%E7%BB%AE%E8%89%AF%E8%89%AF.png","https://wiki.biligame.com/ys/%E5%8D%A1%E7%89%8C%EF%BC%9A%E7%BB%AE%E8%89%AF%E8%89%AF"
"那维莱特","https://patchwiki.biligame.com/images/ys/thumb/d/d2/a3egxw67xrzi08xgpm5te9sbjihfint.png/60px-%E5%8D%A1%E7%89%8C-%E8%A7%92%E8%89%B2%E7%89%8C-%E9%82%A3%E7%BB%B4%E8%8E%B1%E7%89%B9.png","https://wiki.biligame.com/ys/%E5%8D%A1%E7%89%8C%EF%BC%9A%E9%82%A3%E7%BB%B4%E8%8E%B1%E7%89%B9"
"千年珍珠骏麟","https://patchwiki.biligame.com/images/ys/thumb/9/99/gszpg6190ujcq9nps5xu9zf7qjebnij.png/60px-%E5%8D%A1%E7%89%8C-%E8%A7%92%E8%89%B2%E7%89%8C-%E5%8D%83%E5%B9%B4%E7%8F%8D%E7%8F%A0%E9%AA%8F%E9%BA%9F.png","https://wiki.biligame.com/ys/%E5%8D%A1%E7%89%8C%EF%BC%9A%E5%8D%83%E5%B9%B4%E7%8F%8D%E7%8F%A0%E9%AA%8F%E9%BA%9F"
"托马","https://patchwiki.biligame.com/images/ys/thumb/f/fd/dfoa2my0ahxcuja3c4y8ltr66vo0ao5.png/60px-%E5%8D%A1%E7%89%8C-%E8%A7%92%E8%89%B2%E7%89%8C-%E6%89%98%E9%A9%AC.png","https://wiki.biligame.com/ys/%E5%8D%A1%E7%89%8C%EF%BC%9A%E6%89%98%E9%A9%AC"
"无相之冰","https://patchwiki.biligame.com/images/ys/thumb/d/dd/erizwinxv2zv8dcwm6gij13m8t3kfcq.png/60px-%E5%8D%A1%E7%89%8C-%E8%A7%92%E8%89%B2%E7%89%8C-%E6%97%A0%E7%9B%B8%E4%B9%8B%E5%86%B0.png","https://wiki.biligame.com/ys/%E5%8D%A1%E7%89%8C%EF%BC%9A%E6%97%A0%E7%9B%B8%E4%B9%8B%E5%86%B0"
"早柚","https://patchwiki.biligame.com/images/ys/thumb/9/99/4z91sncn4sy223jdbl5oapecuxteglu.png/60px-%E5%8D%A1%E7%89%8C-%E8%A7%92%E8%89%B2%E7%89%8C-%E6%97%A9%E6%9F%9A.png","https://wiki.biligame.com/ys/%E5%8D%A1%E7%89%8C%EF%BC%9A%E6%97%A9%E6%9F%9A"
"「女士」","https://patchwiki.biligame.com/images/ys/thumb/0/05/rf2suxgren6nav17uu27jdky76y4ba8.png/60px-%E5%8D%A1%E7%89%8C-%E8%A7%92%E8%89%B2%E7%89%8C-%E3%80%8C%E5%A5%B3%E5%A3%AB%E3%80%8D.png","https://wiki.biligame.com/ys/%E5%8D%A1%E7%89%8C%EF%BC%9A%E3%80%8C%E5%A5%B3%E5%A3%AB%E3%80%8D"
"五郎","https://patchwiki.biligame.com/images/ys/thumb/1/12/hpkrnz8q3uxl7f34y11dwcu2ihcmat3.png/60px-%E5%8D%A1%E7%89%8C-%E8%A7%92%E8%89%B2%E7%89%8C-%E4%BA%94%E9%83%8E.png","https://wiki.biligame.com/ys/%E5%8D%A1%E7%89%8C%EF%BC%9A%E4%BA%94%E9%83%8E"
"夜兰","https://patchwiki.biligame.com/images/ys/thumb/4/44/aroaqx1xqohgfp80qt5gxbazjyrej2d.png/60px-%E5%8D%A1%E7%89%8C-%E8%A7%92%E8%89%B2%E7%89%8C-%E5%A4%9C%E5%85%B0.png","https://wiki.biligame.com/ys/%E5%8D%A1%E7%89%8C%EF%BC%9A%E5%A4%9C%E5%85%B0"
"林尼","https://patchwiki.biligame.com/images/ys/thumb/a/af/5ek90ure6ju8jqgnnbq4eczqtscd0w1.png/60px-%E5%8D%A1%E7%89%8C-%E8%A7%92%E8%89%B2%E7%89%8C-%E6%9E%97%E5%B0%BC.png","https://wiki.biligame.com/ys/%E5%8D%A1%E7%89%8C%EF%BC%9A%E6%9E%97%E5%B0%BC"
"特瓦林","https://patchwiki.biligame.com/images/ys/thumb/4/40/6xey0f0sxeuqlj0kgen02i7bag8cfvn.png/60px-%E5%8D%A1%E7%89%8C-%E8%A7%92%E8%89%B2%E7%89%8C-%E7%89%B9%E7%93%A6%E6%9E%97.png","https://wiki.biligame.com/ys/%E5%8D%A1%E7%89%8C%EF%BC%9A%E7%89%B9%E7%93%A6%E6%9E%97"
"琳妮特","https://patchwiki.biligame.com/images/ys/thumb/9/97/aotmr5nwlvrf8xgwtjw8oannnacnnkt.png/60px-%E5%8D%A1%E7%89%8C-%E8%A7%92%E8%89%B2%E7%89%8C-%E7%90%B3%E5%A6%AE%E7%89%B9.png","https://wiki.biligame.com/ys/%E5%8D%A1%E7%89%8C%EF%BC%9A%E7%90%B3%E5%A6%AE%E7%89%B9"
"艾尔海森","https://patchwiki.biligame.com/images/ys/thumb/a/af/hca5js4t96qm7a5rmzvz05vj7noitea.png/60px-%E5%8D%A1%E7%89%8C-%E8%A7%92%E8%89%B2%E7%89%8C-%E8%89%BE%E5%B0%94%E6%B5%B7%E6%A3%AE.png","https://wiki.biligame.com/ys/%E5%8D%A1%E7%89%8C%EF%BC%9A%E8%89%BE%E5%B0%94%E6%B5%B7%E6%A3%AE"
"若陀龙王","https://patchwiki.biligame.com/images/ys/thumb/b/b5/gi0as9ah5jxbhv14dij9brjadotn0l4.png/60px-%E5%8D%A1%E7%89%8C-%E8%A7%92%E8%89%B2%E7%89%8C-%E8%8B%A5%E9%99%80%E9%BE%99%E7%8E%8B.png","https://wiki.biligame.com/ys/%E5%8D%A1%E7%89%8C%EF%BC%9A%E8%8B%A5%E9%99%80%E9%BE%99%E7%8E%8B"
"莱依拉","https://patchwiki.biligame.com/images/ys/thumb/9/94/2ni35u2nq32swxz53dk89drld6ewf59.png/60px-%E5%8D%A1%E7%89%8C-%E8%A7%92%E8%89%B2%E7%89%8C-%E8%8E%B1%E4%BE%9D%E6%8B%89.png","https://wiki.biligame.com/ys/%E5%8D%A1%E7%89%8C%EF%BC%9A%E8%8E%B1%E4%BE%9D%E6%8B%89"
"镀金旅团·炽沙叙事人","https://patchwiki.biligame.com/images/ys/thumb/a/a1/h5b7lpob0wlvieq3nfudh7a59sr0w3t.png/60px-%E5%8D%A1%E7%89%8C-%E8%A7%92%E8%89%B2%E7%89%8C-%E9%95%80%E9%87%91%E6%97%85%E5%9B%A2%C2%B7%E7%82%BD%E6%B2%99%E5%8F%99%E4%BA%8B%E4%BA%BA.png","https://wiki.biligame.com/ys/%E5%8D%A1%E7%89%8C%EF%BC%9A%E9%95%80%E9%87%91%E6%97%85%E5%9B%A2%C2%B7%E7%82%BD%E6%B2%99%E5%8F%99%E4%BA%8B%E4%BA%BA"
"雷音权现","https://patchwiki.biligame.com/images/ys/thumb/6/66/frk9qtwkvai1p3efdil7iipn6cwi24y.png/60px-%E5%8D%A1%E7%89%8C-%E8%A7%92%E8%89%B2%E7%89%8C-%E9%9B%B7%E9%9F%B3%E6%9D%83%E7%8E%B0.png","https://wiki.biligame.com/ys/%E5%8D%A1%E7%89%8C%EF%BC%9A%E9%9B%B7%E9%9F%B3%E6%9D%83%E7%8E%B0"
"多莉","https://patchwiki.biligame.com/images/ys/thumb/a/a3/99iyarlcmlm7htpy2zrs5kno2e564ww.png/60px-%E5%8D%A1%E7%89%8C-%E8%A7%92%E8%89%B2%E7%89%8C-%E5%A4%9A%E8%8E%89.png","https://wiki.biligame.com/ys/%E5%8D%A1%E7%89%8C%EF%BC%9A%E5%A4%9A%E8%8E%89"
"妮露","https://patchwiki.biligame.com/images/ys/thumb/7/73/sljmg57zwsnt481ud0xqe9upwp22bbb.png/60px-%E5%8D%A1%E7%89%8C-%E8%A7%92%E8%89%B2%E7%89%8C-%E5%A6%AE%E9%9C%B2.png","https://wiki.biligame.com/ys/%E5%8D%A1%E7%89%8C%EF%BC%9A%E5%A6%AE%E9%9C%B2"
"白术","https://patchwiki.biligame.com/images/ys/thumb/2/2a/pka2vj4dnxr3f1d9t7pumplf0mvg1ig.png/60px-%E5%8D%A1%E7%89%8C-%E8%A7%92%E8%89%B2%E7%89%8C-%E7%99%BD%E6%9C%AF.png","https://wiki.biligame.com/ys/%E5%8D%A1%E7%89%8C%EF%BC%9A%E7%99%BD%E6%9C%AF"
"流浪者","https://patchwiki.biligame.com/images/ys/thumb/2/23/f4b14sm4dt561q5e05vl5kc06tfpslz.png/60px-%E5%8D%A1%E7%89%8C-%E8%A7%92%E8%89%B2%E7%89%8C-%E6%B5%81%E6%B5%AA%E8%80%85.png","https://wiki.biligame.com/ys/%E5%8D%A1%E7%89%8C%EF%BC%9A%E6%B5%81%E6%B5%AA%E8%80%85"
"瑶瑶","https://patchwiki.biligame.com/images/ys/thumb/e/e2/f89y5szwlwhyjt0dph2zyhxyosvbix3.png/60px-%E5%8D%A1%E7%89%8C-%E8%A7%92%E8%89%B2%E7%89%8C-%E7%91%B6%E7%91%B6.png","https://wiki.biligame.com/ys/%E5%8D%A1%E7%89%8C%EF%BC%9A%E7%91%B6%E7%91%B6"
"迪希雅","https://patchwiki.biligame.com/images/ys/thumb/4/45/9gkbyjlt9nmctmfkkun8wr8agq424wx.png/60px-%E5%8D%A1%E7%89%8C-%E8%A7%92%E8%89%B2%E7%89%8C-%E8%BF%AA%E5%B8%8C%E9%9B%85.png","https://wiki.biligame.com/ys/%E5%8D%A1%E7%89%8C%EF%BC%9A%E8%BF%AA%E5%B8%8C%E9%9B%85"
"七七","https://patchwiki.biligame.com/images/ys/thumb/c/ca/7ky8d86xptzyjlz1xqf1p48onuzxz8b.png/60px-%E5%8D%A1%E7%89%8C-%E8%A7%92%E8%89%B2%E7%89%8C-%E4%B8%83%E4%B8%83.png","https://wiki.biligame.com/ys/%E5%8D%A1%E7%89%8C%EF%BC%9A%E4%B8%83%E4%B8%83"
"丽莎","https://patchwiki.biligame.com/images/ys/thumb/4/48/jjteidjs3r78fdpd9j8k34nrakbvbqi.png/60px-%E5%8D%A1%E7%89%8C-%E8%A7%92%E8%89%B2%E7%89%8C-%E4%B8%BD%E8%8E%8E.png","https://wiki.biligame.com/ys/%E5%8D%A1%E7%89%8C%EF%BC%9A%E4%B8%BD%E8%8E%8E"
"阿贝多","https://patchwiki.biligame.com/images/ys/thumb/8/8e/ojs3zjfjcdsc65q067vcjr3t0v5hrjs.png/60px-%E5%8D%A1%E7%89%8C-%E8%A7%92%E8%89%B2%E7%89%8C-%E9%98%BF%E8%B4%9D%E5%A4%9A.png","https://wiki.biligame.com/ys/%E5%8D%A1%E7%89%8C%EF%BC%9A%E9%98%BF%E8%B4%9D%E5%A4%9A"
"坎蒂丝","https://patchwiki.biligame.com/images/ys/thumb/1/11/7fpztgvtybtqhh6xeg0skeyyexgxxxs.png/60px-%E5%8D%A1%E7%89%8C-%E8%A7%92%E8%89%B2%E7%89%8C-%E5%9D%8E%E8%92%82%E4%B8%9D.png","https://wiki.biligame.com/ys/%E5%8D%A1%E7%89%8C%EF%BC%9A%E5%9D%8E%E8%92%82%E4%B8%9D"
"枫原万叶","https://patchwiki.biligame.com/images/ys/thumb/7/72/kpspmdnfosxgrtdk2s1hwdefepw4d1e.png/60px-%E5%8D%A1%E7%89%8C-%E8%A7%92%E8%89%B2%E7%89%8C-%E6%9E%AB%E5%8E%9F%E4%B8%87%E5%8F%B6.png","https://wiki.biligame.com/ys/%E5%8D%A1%E7%89%8C%EF%BC%9A%E6%9E%AB%E5%8E%9F%E4%B8%87%E5%8F%B6"
"烟绯","https://patchwiki.biligame.com/images/ys/thumb/1/13/6b7m25yxu83j7h3eemm1zs8hed1deo1.png/60px-%E5%8D%A1%E7%89%8C-%E8%A7%92%E8%89%B2%E7%89%8C-%E7%83%9F%E7%BB%AF.png","https://wiki.biligame.com/ys/%E5%8D%A1%E7%89%8C%EF%BC%9A%E7%83%9F%E7%BB%AF"
"八重神子","https://patchwiki.biligame.com/images/ys/thumb/b/b3/6neyb8ktmtv6a1pidwxqdobig26397u.png/60px-%E5%8D%A1%E7%89%8C-%E8%A7%92%E8%89%B2%E7%89%8C-%E5%85%AB%E9%87%8D%E7%A5%9E%E5%AD%90.png","https://wiki.biligame.com/ys/%E5%8D%A1%E7%89%8C%EF%BC%9A%E5%85%AB%E9%87%8D%E7%A5%9E%E5%AD%90"
"安柏","https://patchwiki.biligame.com/images/ys/thumb/f/f5/b1go7l18xcn8p00405bxy6wjavx6cor.png/60px-%E5%8D%A1%E7%89%8C-%E8%A7%92%E8%89%B2%E7%89%8C-%E5%AE%89%E6%9F%8F.png","https://wiki.biligame.com/ys/%E5%8D%A1%E7%89%8C%EF%BC%9A%E5%AE%89%E6%9F%8F"
"愚人众·冰萤术士","https://patchwiki.biligame.com/images/ys/thumb/4/4a/2w2nnhgg89i9l8ccva9l5x1996btm7u.png/60px-%E5%8D%A1%E7%89%8C-%E8%A7%92%E8%89%B2%E7%89%8C-%E6%84%9A%E4%BA%BA%E4%BC%97%C2%B7%E5%86%B0%E8%90%A4%E6%9C%AF%E5%A3%AB.png","https://wiki.biligame.com/ys/%E5%8D%A1%E7%89%8C%EF%BC%9A%E6%84%9A%E4%BA%BA%E4%BC%97%C2%B7%E5%86%B0%E8%90%A4%E6%9C%AF%E5%A3%AB"
"无相之雷","https://patchwiki.biligame.com/images/ys/thumb/1/1a/ba0w1nhg0666spiemdmway1azf1jtfv.png/60px-%E5%8D%A1%E7%89%8C-%E8%A7%92%E8%89%B2%E7%89%8C-%E6%97%A0%E7%9B%B8%E4%B9%8B%E9%9B%B7.png","https://wiki.biligame.com/ys/%E5%8D%A1%E7%89%8C%EF%BC%9A%E6%97%A0%E7%9B%B8%E4%B9%8B%E9%9B%B7"
"深渊咏者·渊火","https://patchwiki.biligame.com/images/ys/thumb/a/a4/gs0ursj7zjn8glih0bp3towtdnaf9jw.png/60px-%E5%8D%A1%E7%89%8C-%E8%A7%92%E8%89%B2%E7%89%8C-%E6%B7%B1%E6%B8%8A%E5%92%8F%E8%80%85%C2%B7%E6%B8%8A%E7%81%AB.png","https://wiki.biligame.com/ys/%E5%8D%A1%E7%89%8C%EF%BC%9A%E6%B7%B1%E6%B8%8A%E5%92%8F%E8%80%85%C2%B7%E6%B8%8A%E7%81%AB"
"温迪","https://patchwiki.biligame.com/images/ys/thumb/b/b0/6r84nthw2bxsoxq9x1cqmn9ig83hcme.png/60px-%E5%8D%A1%E7%89%8C-%E8%A7%92%E8%89%B2%E7%89%8C-%E6%B8%A9%E8%BF%AA.png","https://wiki.biligame.com/ys/%E5%8D%A1%E7%89%8C%EF%BC%9A%E6%B8%A9%E8%BF%AA"
"申鹤","https://patchwiki.biligame.com/images/ys/thumb/f/f2/th9stjiecc8z0kvtwqpd46j8l1cbsf0.png/60px-%E5%8D%A1%E7%89%8C-%E8%A7%92%E8%89%B2%E7%89%8C-%E7%94%B3%E9%B9%A4.png","https://wiki.biligame.com/ys/%E5%8D%A1%E7%89%8C%EF%BC%9A%E7%94%B3%E9%B9%A4"
"纳西妲","https://patchwiki.biligame.com/images/ys/thumb/4/4b/mvr0llvvbd892rf01qy6sfmqgo64twg.png/60px-%E5%8D%A1%E7%89%8C-%E8%A7%92%E8%89%B2%E7%89%8C-%E7%BA%B3%E8%A5%BF%E5%A6%B2.png","https://wiki.biligame.com/ys/%E5%8D%A1%E7%89%8C%EF%BC%9A%E7%BA%B3%E8%A5%BF%E5%A6%B2"
"胡桃","https://patchwiki.biligame.com/images/ys/thumb/e/ef/f0jyabgn03y4leifq24m1ltdkmyz3uq.png/60px-%E5%8D%A1%E7%89%8C-%E8%A7%92%E8%89%B2%E7%89%8C-%E8%83%A1%E6%A1%83.png","https://wiki.biligame.com/ys/%E5%8D%A1%E7%89%8C%EF%BC%9A%E8%83%A1%E6%A1%83"
"达达利亚","https://patchwiki.biligame.com/images/ys/thumb/c/c7/81brss5dveactttbtzilb3b8i8aatms.png/60px-%E5%8D%A1%E7%89%8C-%E8%A7%92%E8%89%B2%E7%89%8C-%E8%BE%BE%E8%BE%BE%E5%88%A9%E4%BA%9A.png","https://wiki.biligame.com/ys/%E5%8D%A1%E7%89%8C%EF%BC%9A%E8%BE%BE%E8%BE%BE%E5%88%A9%E4%BA%9A"
"钟离","https://patchwiki.biligame.com/images/ys/thumb/6/6b/g7pzuas9t5kscnj3p1zbz237hpgbrlc.png/60px-%E5%8D%A1%E7%89%8C-%E8%A7%92%E8%89%B2%E7%89%8C-%E9%92%9F%E7%A6%BB.png","https://wiki.biligame.com/ys/%E5%8D%A1%E7%89%8C%EF%BC%9A%E9%92%9F%E7%A6%BB"
"雷电将军","https://patchwiki.biligame.com/images/ys/thumb/b/b2/ssrzr3ziw89kag22q5ibygpg3ass82a.png/60px-%E5%8D%A1%E7%89%8C-%E8%A7%92%E8%89%B2%E7%89%8C-%E9%9B%B7%E7%94%B5%E5%B0%86%E5%86%9B.png","https://wiki.biligame.com/ys/%E5%8D%A1%E7%89%8C%EF%BC%9A%E9%9B%B7%E7%94%B5%E5%B0%86%E5%86%9B"
"魈","https://patchwiki.biligame.com/images/ys/thumb/c/c3/b7081d4g2vp36vro1ps240xtgey0540.png/60px-%E5%8D%A1%E7%89%8C-%E8%A7%92%E8%89%B2%E7%89%8C-%E9%AD%88.png","https://wiki.biligame.com/ys/%E5%8D%A1%E7%89%8C%EF%BC%9A%E9%AD%88"
"提纳里","https://patchwiki.biligame.com/images/ys/thumb/4/41/qjldbphprae9o9sy4p4ex4dmk9nj49v.png/60px-%E5%8D%A1%E7%89%8C-%E8%A7%92%E8%89%B2%E7%89%8C-%E6%8F%90%E7%BA%B3%E9%87%8C.png","https://wiki.biligame.com/ys/%E5%8D%A1%E7%89%8C%EF%BC%9A%E6%8F%90%E7%BA%B3%E9%87%8C"
"神里绫人","https://patchwiki.biligame.com/images/ys/thumb/7/77/2he2i919isjd6l0q620333yt9sbnfcw.png/60px-%E5%8D%A1%E7%89%8C-%E8%A7%92%E8%89%B2%E7%89%8C-%E7%A5%9E%E9%87%8C%E7%BB%AB%E4%BA%BA.png","https://wiki.biligame.com/ys/%E5%8D%A1%E7%89%8C%EF%BC%9A%E7%A5%9E%E9%87%8C%E7%BB%AB%E4%BA%BA"
"荒泷一斗","https://patchwiki.biligame.com/images/ys/thumb/6/68/d3d2qbju04kdggifg14zzo4bupmcmtl.png/60px-%E5%8D%A1%E7%89%8C-%E8%A7%92%E8%89%B2%E7%89%8C-%E8%8D%92%E6%B3%B7%E4%B8%80%E6%96%97.png","https://wiki.biligame.com/ys/%E5%8D%A1%E7%89%8C%EF%BC%9A%E8%8D%92%E6%B3%B7%E4%B8%80%E6%96%97"
"九条裟罗","https://patchwiki.biligame.com/images/ys/thumb/2/2a/4o5kgzbut0u0xnk07vvbsddqpvqfck0.png/60px-%E5%8D%A1%E7%89%8C-%E8%A7%92%E8%89%B2%E7%89%8C-%E4%B9%9D%E6%9D%A1%E8%A3%9F%E7%BD%97.png","https://wiki.biligame.com/ys/%E5%8D%A1%E7%89%8C%EF%BC%9A%E4%B9%9D%E6%9D%A1%E8%A3%9F%E7%BD%97"
"优菈","https://patchwiki.biligame.com/images/ys/thumb/7/75/m3gc299v9ullqbkjus476s57li8g34m.png/60px-%E5%8D%A1%E7%89%8C-%E8%A7%92%E8%89%B2%E7%89%8C-%E4%BC%98%E8%8F%88.png","https://wiki.biligame.com/ys/%E5%8D%A1%E7%89%8C%EF%BC%9A%E4%BC%98%E8%8F%88"
"珊瑚宫心海","https://patchwiki.biligame.com/images/ys/thumb/9/94/5w0j3pn6v7l6tyctxbwzzt3fmb0cilx.png/60px-%E5%8D%A1%E7%89%8C-%E8%A7%92%E8%89%B2%E7%89%8C-%E7%8F%8A%E7%91%9A%E5%AE%AB%E5%BF%83%E6%B5%B7.png","https://wiki.biligame.com/ys/%E5%8D%A1%E7%89%8C%EF%BC%9A%E7%8F%8A%E7%91%9A%E5%AE%AB%E5%BF%83%E6%B5%B7"
"北斗","https://patchwiki.biligame.com/images/ys/thumb/3/38/4qsvldjb7ukdqxhzjdcxb83dfdvsl78.png/60px-%E5%8D%A1%E7%89%8C-%E8%A7%92%E8%89%B2%E7%89%8C-%E5%8C%97%E6%96%97.png","https://wiki.biligame.com/ys/%E5%8D%A1%E7%89%8C%EF%BC%9A%E5%8C%97%E6%96%97"
"可莉","https://patchwiki.biligame.com/images/ys/thumb/0/0d/4hk7wksoty67f0ua7ldl9qkw0p0m3wv.png/60px-%E5%8D%A1%E7%89%8C-%E8%A7%92%E8%89%B2%E7%89%8C-%E5%8F%AF%E8%8E%89.png","https://wiki.biligame.com/ys/%E5%8D%A1%E7%89%8C%EF%BC%9A%E5%8F%AF%E8%8E%89"
"丘丘岩盔王","https://patchwiki.biligame.com/images/ys/thumb/0/0f/c95ylbffv2m5w1e69tzxoc03z9xri15.png/60px-%E5%8D%A1%E7%89%8C-%E8%A7%92%E8%89%B2%E7%89%8C-%E4%B8%98%E4%B8%98%E5%B2%A9%E7%9B%94%E7%8E%8B.png","https://wiki.biligame.com/ys/%E5%8D%A1%E7%89%8C%EF%BC%9A%E4%B8%98%E4%B8%98%E5%B2%A9%E7%9B%94%E7%8E%8B"
"凝光","https://patchwiki.biligame.com/images/ys/thumb/1/18/7dkwdfo3yuf8auttk5t173empn218hg.png/60px-%E5%8D%A1%E7%89%8C-%E8%A7%92%E8%89%B2%E7%89%8C-%E5%87%9D%E5%85%89.png","https://wiki.biligame.com/ys/%E5%8D%A1%E7%89%8C%EF%BC%9A%E5%87%9D%E5%85%89"
"凯亚","https://patchwiki.biligame.com/images/ys/thumb/a/a0/baysdda5r1d0e204fivp1wole16xnlb.png/60px-%E5%8D%A1%E7%89%8C-%E8%A7%92%E8%89%B2%E7%89%8C-%E5%87%AF%E4%BA%9A.png","https://wiki.biligame.com/ys/%E5%8D%A1%E7%89%8C%EF%BC%9A%E5%87%AF%E4%BA%9A"
"刻晴","https://patchwiki.biligame.com/images/ys/thumb/c/c1/a9gswxupshxu71rq6mvsxe3pjmimfmv.png/60px-%E5%8D%A1%E7%89%8C-%E8%A7%92%E8%89%B2%E7%89%8C-%E5%88%BB%E6%99%B4.png","https://wiki.biligame.com/ys/%E5%8D%A1%E7%89%8C%EF%BC%9A%E5%88%BB%E6%99%B4"
"宵宫","https://patchwiki.biligame.com/images/ys/thumb/a/ad/ivqeitvzl11t236ctj32wviy6ht71hn.png/60px-%E5%8D%A1%E7%89%8C-%E8%A7%92%E8%89%B2%E7%89%8C-%E5%AE%B5%E5%AE%AB.png","https://wiki.biligame.com/ys/%E5%8D%A1%E7%89%8C%EF%BC%9A%E5%AE%B5%E5%AE%AB"
"愚人众·火之债务处理人","https://patchwiki.biligame.com/images/ys/thumb/d/d9/l3lliv01zdudeu3k4t44rjbweys82sk.png/60px-%E5%8D%A1%E7%89%8C-%E8%A7%92%E8%89%B2%E7%89%8C-%E6%84%9A%E4%BA%BA%E4%BC%97%C2%B7%E7%81%AB%E4%B9%8B%E5%80%BA%E5%8A%A1%E5%A4%84%E7%90%86%E4%BA%BA.png","https://wiki.biligame.com/ys/%E5%8D%A1%E7%89%8C%EF%BC%9A%E6%84%9A%E4%BA%BA%E4%BC%97%C2%B7%E7%81%AB%E4%B9%8B%E5%80%BA%E5%8A%A1%E5%A4%84%E7%90%86%E4%BA%BA"
"愚人众·藏镜仕女","https://patchwiki.biligame.com/images/ys/thumb/d/d5/airw186o74xzba91iqrtbxki6iedcco.png/60px-%E5%8D%A1%E7%89%8C-%E8%A7%92%E8%89%B2%E7%89%8C-%E6%84%9A%E4%BA%BA%E4%BC%97%C2%B7%E8%97%8F%E9%95%9C%E4%BB%95%E5%A5%B3.png","https://wiki.biligame.com/ys/%E5%8D%A1%E7%89%8C%EF%BC%9A%E6%84%9A%E4%BA%BA%E4%BC%97%C2%B7%E8%97%8F%E9%95%9C%E4%BB%95%E5%A5%B3"
"柯莱","https://patchwiki.biligame.com/images/ys/thumb/0/01/lfmx1y25wtdttwz221bz330o9r3pkph.png/60px-%E5%8D%A1%E7%89%8C-%E8%A7%92%E8%89%B2%E7%89%8C-%E6%9F%AF%E8%8E%B1.png","https://wiki.biligame.com/ys/%E5%8D%A1%E7%89%8C%EF%BC%9A%E6%9F%AF%E8%8E%B1"
"班尼特","https://patchwiki.biligame.com/images/ys/thumb/f/fa/6fj7tc13o4i05xofe8qp2na9nymyhnj.png/60px-%E5%8D%A1%E7%89%8C-%E8%A7%92%E8%89%B2%E7%89%8C-%E7%8F%AD%E5%B0%BC%E7%89%B9.png","https://wiki.biligame.com/ys/%E5%8D%A1%E7%89%8C%EF%BC%9A%E7%8F%AD%E5%B0%BC%E7%89%B9"
"琴","https://patchwiki.biligame.com/images/ys/thumb/4/44/ew4dz52ingyxctxlbz3s0vwqrv7vluc.png/60px-%E5%8D%A1%E7%89%8C-%E8%A7%92%E8%89%B2%E7%89%8C-%E7%90%B4.png","https://wiki.biligame.com/ys/%E5%8D%A1%E7%89%8C%EF%BC%9A%E7%90%B4"
"甘雨","https://patchwiki.biligame.com/images/ys/thumb/5/5b/r19utgi6skedzjh08i1nstzwreier4k.png/60px-%E5%8D%A1%E7%89%8C-%E8%A7%92%E8%89%B2%E7%89%8C-%E7%94%98%E9%9B%A8.png","https://wiki.biligame.com/ys/%E5%8D%A1%E7%89%8C%EF%BC%9A%E7%94%98%E9%9B%A8"
"砂糖","https://patchwiki.biligame.com/images/ys/thumb/9/99/dguvstrhokb8es8bcf12cgfav5lyawc.png/60px-%E5%8D%A1%E7%89%8C-%E8%A7%92%E8%89%B2%E7%89%8C-%E7%A0%82%E7%B3%96.png","https://wiki.biligame.com/ys/%E5%8D%A1%E7%89%8C%EF%BC%9A%E7%A0%82%E7%B3%96"
"神里绫华","https://patchwiki.biligame.com/images/ys/thumb/6/6f/m71dy4t5zp8tdty5s2ele11bz4lhhdl.png/60px-%E5%8D%A1%E7%89%8C-%E8%A7%92%E8%89%B2%E7%89%8C-%E7%A5%9E%E9%87%8C%E7%BB%AB%E5%8D%8E.png","https://wiki.biligame.com/ys/%E5%8D%A1%E7%89%8C%EF%BC%9A%E7%A5%9E%E9%87%8C%E7%BB%AB%E5%8D%8E"
"纯水精灵·洛蒂娅","https://patchwiki.biligame.com/images/ys/thumb/4/4a/77i0r67v9ijzljxygyjaqvi2z3nwiqt.png/60px-%E5%8D%A1%E7%89%8C-%E8%A7%92%E8%89%B2%E7%89%8C-%E7%BA%AF%E6%B0%B4%E7%B2%BE%E7%81%B5%C2%B7%E6%B4%9B%E8%92%82%E5%A8%85.png","https://wiki.biligame.com/ys/%E5%8D%A1%E7%89%8C%EF%BC%9A%E7%BA%AF%E6%B0%B4%E7%B2%BE%E7%81%B5%C2%B7%E6%B4%9B%E8%92%82%E5%A8%85"
"翠翎恐蕈","https://patchwiki.biligame.com/images/ys/thumb/0/00/6j3cbv32kx1kjvdqjmlzje0b7wxl7ub.png/60px-%E5%8D%A1%E7%89%8C-%E8%A7%92%E8%89%B2%E7%89%8C-%E7%BF%A0%E7%BF%8E%E6%81%90%E8%95%88.png","https://wiki.biligame.com/ys/%E5%8D%A1%E7%89%8C%EF%BC%9A%E7%BF%A0%E7%BF%8E%E6%81%90%E8%95%88"
"芭芭拉","https://patchwiki.biligame.com/images/ys/thumb/1/1e/2ntyd02ja45ptn0j3uzndh1pvukjj7h.png/60px-%E5%8D%A1%E7%89%8C-%E8%A7%92%E8%89%B2%E7%89%8C-%E8%8A%AD%E8%8A%AD%E6%8B%89.png","https://wiki.biligame.com/ys/%E5%8D%A1%E7%89%8C%EF%BC%9A%E8%8A%AD%E8%8A%AD%E6%8B%89"
"莫娜","https://patchwiki.biligame.com/images/ys/thumb/7/7a/sp5u6agdouwcsqv5o2rnj549jjew0pt.png/60px-%E5%8D%A1%E7%89%8C-%E8%A7%92%E8%89%B2%E7%89%8C-%E8%8E%AB%E5%A8%9C.png","https://wiki.biligame.com/ys/%E5%8D%A1%E7%89%8C%EF%BC%9A%E8%8E%AB%E5%A8%9C"
"菲谢尔","https://patchwiki.biligame.com/images/ys/thumb/d/de/l5ggqobiox4fpq6tws5rto9j0unfs2k.png/60px-%E5%8D%A1%E7%89%8C-%E8%A7%92%E8%89%B2%E7%89%8C-%E8%8F%B2%E8%B0%A2%E5%B0%94.png","https://wiki.biligame.com/ys/%E5%8D%A1%E7%89%8C%EF%BC%9A%E8%8F%B2%E8%B0%A2%E5%B0%94"
"行秋","https://patchwiki.biligame.com/images/ys/thumb/c/c1/mwgym1jd436edjnhs1t0lu4k1m82y19.png/60px-%E5%8D%A1%E7%89%8C-%E8%A7%92%E8%89%B2%E7%89%8C-%E8%A1%8C%E7%A7%8B.png","https://wiki.biligame.com/ys/%E5%8D%A1%E7%89%8C%EF%BC%9A%E8%A1%8C%E7%A7%8B"
"诺艾尔","https://patchwiki.biligame.com/images/ys/thumb/b/bb/0yyrtlsd6in4snjdupjral9lm84qswn.png/60px-%E5%8D%A1%E7%89%8C-%E8%A7%92%E8%89%B2%E7%89%8C-%E8%AF%BA%E8%89%BE%E5%B0%94.png","https://wiki.biligame.com/ys/%E5%8D%A1%E7%89%8C%EF%BC%9A%E8%AF%BA%E8%89%BE%E5%B0%94"
"赛诺","https://patchwiki.biligame.com/images/ys/thumb/d/d3/nls3ixu4x4eo4oaechngusixrzcd07b.png/60px-%E5%8D%A1%E7%89%8C-%E8%A7%92%E8%89%B2%E7%89%8C-%E8%B5%9B%E8%AF%BA.png","https://wiki.biligame.com/ys/%E5%8D%A1%E7%89%8C%EF%BC%9A%E8%B5%9B%E8%AF%BA"
"迪卢克","https://patchwiki.biligame.com/images/ys/thumb/5/53/ky9bko021jedyxa4nl0hdqq0pm51c7b.png/60px-%E5%8D%A1%E7%89%8C-%E8%A7%92%E8%89%B2%E7%89%8C-%E8%BF%AA%E5%8D%A2%E5%85%8B.png","https://wiki.biligame.com/ys/%E5%8D%A1%E7%89%8C%EF%BC%9A%E8%BF%AA%E5%8D%A2%E5%85%8B"
"迪奥娜","https://patchwiki.biligame.com/images/ys/thumb/8/83/77hzjxqw3mbfse7lw74dikl9pn4mw0y.png/60px-%E5%8D%A1%E7%89%8C-%E8%A7%92%E8%89%B2%E7%89%8C-%E8%BF%AA%E5%A5%A5%E5%A8%9C.png","https://wiki.biligame.com/ys/%E5%8D%A1%E7%89%8C%EF%BC%9A%E8%BF%AA%E5%A5%A5%E5%A8%9C"
"重云","https://patchwiki.biligame.com/images/ys/thumb/1/10/11bbihxq3vmuezvy6mf85iug6zbt2zl.png/60px-%E5%8D%A1%E7%89%8C-%E8%A7%92%E8%89%B2%E7%89%8C-%E9%87%8D%E4%BA%91.png","https://wiki.biligame.com/ys/%E5%8D%A1%E7%89%8C%EF%BC%9A%E9%87%8D%E4%BA%91"
"雷泽","https://patchwiki.biligame.com/images/ys/thumb/d/df/rxiyf5lyxwtxvzv4wd7krx651lg1o20.png/60px-%E5%8D%A1%E7%89%8C-%E8%A7%92%E8%89%B2%E7%89%8C-%E9%9B%B7%E6%B3%BD.png","https://wiki.biligame.com/ys/%E5%8D%A1%E7%89%8C%EF%BC%9A%E9%9B%B7%E6%B3%BD"
"香菱","https://patchwiki.biligame.com/images/ys/thumb/e/e4/exvtqcjp5yaf8f8yqyc5azu6a2r0f0u.png/60px-%E5%8D%A1%E7%89%8C-%E8%A7%92%E8%89%B2%E7%89%8C-%E9%A6%99%E8%8F%B1.png","https://wiki.biligame.com/ys/%E5%8D%A1%E7%89%8C%EF%BC%9A%E9%A6%99%E8%8F%B1"
"魔偶剑鬼","https://patchwiki.biligame.com/images/ys/thumb/4/4f/s2193k1lnpnd825th4ve90z4jo3cwyr.png/60px-%E5%8D%A1%E7%89%8C-%E8%A7%92%E8%89%B2%E7%89%8C-%E9%AD%94%E5%81%B6%E5%89%91%E9%AC%BC.png","https://wiki.biligame.com/ys/%E5%8D%A1%E7%89%8C%EF%BC%9A%E9%AD%94%E5%81%B6%E5%89%91%E9%AC%BC"
"勘探钻机","https://patchwiki.biligame.com/images/ys/thumb/e/e2/6ypeb636xqh9f3xwi62zjkfsmrthh4x.png/60px-%E5%8D%A1%E7%89%8C-%E8%A3%85%E5%A4%87%E7%89%8C-%E5%8B%98%E6%8E%A2%E9%92%BB%E6%9C%BA.png","https://wiki.biligame.com/ys/%E5%8D%A1%E7%89%8C%EF%BC%9A%E5%8B%98%E6%8E%A2%E9%92%BB%E6%9C%BA"
"公义的酬报","https://patchwiki.biligame.com/images/ys/thumb/3/3f/k3y8pgx82882eexf8gnut64mhp631jy.png/60px-%E5%8D%A1%E7%89%8C-%E8%A3%85%E5%A4%87%E7%89%8C-%E5%85%AC%E4%B9%89%E7%9A%84%E9%85%AC%E6%8A%A5.png","https://wiki.biligame.com/ys/%E5%8D%A1%E7%89%8C%EF%BC%9A%E5%85%AC%E4%B9%89%E7%9A%84%E9%85%AC%E6%8A%A5"
"和璞鸢","https://patchwiki.biligame.com/images/ys/thumb/8/80/m3gwi6vgh3xe1rfvmg9jmap0693bnko.png/60px-%E5%8D%A1%E7%89%8C-%E8%A3%85%E5%A4%87%E7%89%8C-%E5%92%8C%E7%92%9E%E9%B8%A2.png","https://wiki.biligame.com/ys/%E5%8D%A1%E7%89%8C%EF%BC%9A%E5%92%8C%E7%92%9E%E9%B8%A2"
"贯月矢","https://patchwiki.biligame.com/images/ys/thumb/3/3c/2b0wrhhgt3eo55b0le6y9npx396w6g5.png/60px-%E5%8D%A1%E7%89%8C-%E8%A3%85%E5%A4%87%E7%89%8C-%E8%B4%AF%E6%9C%88%E7%9F%A2.png","https://wiki.biligame.com/ys/%E5%8D%A1%E7%89%8C%EF%BC%9A%E8%B4%AF%E6%9C%88%E7%9F%A2"
"薙草之稻光","https://patchwiki.biligame.com/images/ys/thumb/4/4d/a84yhk2tl8g83rmndowznfu8q9jurv4.png/60px-%E5%8D%A1%E7%89%8C-%E8%A3%85%E5%A4%87%E7%89%8C-%E8%96%99%E8%8D%89%E4%B9%8B%E7%A8%BB%E5%85%89.png","https://wiki.biligame.com/ys/%E5%8D%A1%E7%89%8C%EF%BC%9A%E8%96%99%E8%8D%89%E4%B9%8B%E7%A8%BB%E5%85%89"
"贯虹之槊","https://patchwiki.biligame.com/images/ys/thumb/9/93/km08jn08mdknhf41fom7zaw23iqk8jg.png/60px-%E5%8D%A1%E7%89%8C-%E8%A3%85%E5%A4%87%E7%89%8C-%E8%B4%AF%E8%99%B9%E4%B9%8B%E6%A7%8A.png","https://wiki.biligame.com/ys/%E5%8D%A1%E7%89%8C%EF%BC%9A%E8%B4%AF%E8%99%B9%E4%B9%8B%E6%A7%8A"
"千岩长枪","https://patchwiki.biligame.com/images/ys/thumb/f/f7/phlevae6f7olwxiubg3whsdcp9e7vlj.png/60px-%E5%8D%A1%E7%89%8C-%E8%A3%85%E5%A4%87%E7%89%8C-%E5%8D%83%E5%B2%A9%E9%95%BF%E6%9E%AA.png","https://wiki.biligame.com/ys/%E5%8D%A1%E7%89%8C%EF%BC%9A%E5%8D%83%E5%B2%A9%E9%95%BF%E6%9E%AA"
"天空之脊","https://patchwiki.biligame.com/images/ys/thumb/1/1c/efvwwrrjf7oqp1g0e0nvvm5d2md1gmh.png/60px-%E5%8D%A1%E7%89%8C-%E8%A3%85%E5%A4%87%E7%89%8C-%E5%A4%A9%E7%A9%BA%E4%B9%8B%E8%84%8A.png","https://wiki.biligame.com/ys/%E5%8D%A1%E7%89%8C%EF%BC%9A%E5%A4%A9%E7%A9%BA%E4%B9%8B%E8%84%8A"
"白缨枪","https://patchwiki.biligame.com/images/ys/thumb/d/de/03nysdxn9d8si2mhkgnwf4oy049803m.png/60px-%E5%8D%A1%E7%89%8C-%E8%A3%85%E5%A4%87%E7%89%8C-%E7%99%BD%E7%BC%A8%E6%9E%AA.png","https://wiki.biligame.com/ys/%E5%8D%A1%E7%89%8C%EF%BC%9A%E7%99%BD%E7%BC%A8%E6%9E%AA"
"呀！呀！","https://patchwiki.biligame.com/images/ys/thumb/8/84/fz3cbg8y7x60xt5udn2eawwgqbjf53k.png/60px-%E5%8D%A1%E7%89%8C-%E8%A3%85%E5%A4%87%E7%89%8C-%E5%91%80%EF%BC%81%E5%91%80%EF%BC%81.png","https://wiki.biligame.com/ys/%E5%8D%A1%E7%89%8C%EF%BC%9A%E5%91%80%EF%BC%81%E5%91%80%EF%BC%81"
"突角龙","https://patchwiki.biligame.com/images/ys/thumb/3/3a/82212vwe2qb5zfnpf5cupuwggta34fn.png/60px-%E5%8D%A1%E7%89%8C-%E8%A3%85%E5%A4%87%E7%89%8C-%E7%AA%81%E8%A7%92%E9%BE%99.png","https://wiki.biligame.com/ys/%E5%8D%A1%E7%89%8C%EF%BC%9A%E7%AA%81%E8%A7%92%E9%BE%99"
"浪船","https://patchwiki.biligame.com/images/ys/thumb/6/6c/sdbur77bjsis3wfgklb5xt3v21w7xwg.png/60px-%E5%8D%A1%E7%89%8C-%E8%A3%85%E5%A4%87%E7%89%8C-%E6%B5%AA%E8%88%B9.png","https://wiki.biligame.com/ys/%E5%8D%A1%E7%89%8C%EF%BC%9A%E6%B5%AA%E8%88%B9"
"绒翼龙","https://patchwiki.biligame.com/images/ys/thumb/9/9e/gnu6ob4tlwazolmg2s5fiz5k6o8q0ps.png/60px-%E5%8D%A1%E7%89%8C-%E8%A3%85%E5%A4%87%E7%89%8C-%E7%BB%92%E7%BF%BC%E9%BE%99.png","https://wiki.biligame.com/ys/%E5%8D%A1%E7%89%8C%EF%BC%9A%E7%BB%92%E7%BF%BC%E9%BE%99"
"暝视龙","https://patchwiki.biligame.com/images/ys/thumb/0/03/9h4hq44vbc5n3rneebm49p8ovwyv0o8.png/60px-%E5%8D%A1%E7%89%8C-%E8%A3%85%E5%A4%87%E7%89%8C-%E6%9A%9D%E8%A7%86%E9%BE%99.png","https://wiki.biligame.com/ys/%E5%8D%A1%E7%89%8C%EF%BC%9A%E6%9A%9D%E8%A7%86%E9%BE%99"
"嵴锋龙","https://patchwiki.biligame.com/images/ys/thumb/8/8f/75h1kigpz6u5alkitbgqhfyzvifw938.png/60px-%E5%8D%A1%E7%89%8C-%E8%A3%85%E5%A4%87%E7%89%8C-%E5%B5%B4%E9%94%8B%E9%BE%99.png","https://wiki.biligame.com/ys/%E5%8D%A1%E7%89%8C%EF%BC%9A%E5%B5%B4%E9%94%8B%E9%BE%99"
"匿叶龙","https://patchwiki.biligame.com/images/ys/thumb/c/c4/h4d16lippklz58rnmsc2k4rnm9ts7ka.png/60px-%E5%8D%A1%E7%89%8C-%E8%A3%85%E5%A4%87%E7%89%8C-%E5%8C%BF%E5%8F%B6%E9%BE%99.png","https://wiki.biligame.com/ys/%E5%8D%A1%E7%89%8C%EF%BC%9A%E5%8C%BF%E5%8F%B6%E9%BE%99"
"异色猎刀鳐","https://patchwiki.biligame.com/images/ys/thumb/c/ce/mw4nisqrpdidlj3pn6at2wa4gwp443g.png/60px-%E5%8D%A1%E7%89%8C-%E8%A3%85%E5%A4%87%E7%89%8C-%E5%BC%82%E8%89%B2%E7%8C%8E%E5%88%80%E9%B3%90.png","https://wiki.biligame.com/ys/%E5%8D%A1%E7%89%8C%EF%BC%9A%E5%BC%82%E8%89%B2%E7%8C%8E%E5%88%80%E9%B3%90"
"鳍游龙","https://patchwiki.biligame.com/images/ys/thumb/b/b1/lprwstanbujhwi9klrgn1ww4ao4h53k.png/60px-%E5%8D%A1%E7%89%8C-%E8%A3%85%E5%A4%87%E7%89%8C-%E9%B3%8D%E6%B8%B8%E9%BE%99.png","https://wiki.biligame.com/ys/%E5%8D%A1%E7%89%8C%EF%BC%9A%E9%B3%8D%E6%B8%B8%E9%BE%99"
"祭星者之望","https://patchwiki.biligame.com/images/ys/thumb/0/08/dpe6j8w8v4yuqnw1cwd4d4n2xgpbgj6.png/60px-%E5%8D%A1%E7%89%8C-%E8%A3%85%E5%A4%87%E7%89%8C-%E7%A5%AD%E6%98%9F%E8%80%85%E4%B9%8B%E6%9C%9B.png","https://wiki.biligame.com/ys/%E5%8D%A1%E7%89%8C%EF%BC%9A%E7%A5%AD%E6%98%9F%E8%80%85%E4%B9%8B%E6%9C%9B"
"不灭月华","https://patchwiki.biligame.com/images/ys/thumb/8/8c/sdy37uxjuhczdhoyllqh1x4e94l330f.png/60px-%E5%8D%A1%E7%89%8C-%E8%A3%85%E5%A4%87%E7%89%8C-%E4%B8%8D%E7%81%AD%E6%9C%88%E5%8D%8E.png","https://wiki.biligame.com/ys/%E5%8D%A1%E7%89%8C%EF%BC%9A%E4%B8%8D%E7%81%AD%E6%9C%88%E5%8D%8E"
"纯水流华","https://patchwiki.biligame.com/images/ys/thumb/0/00/8vc0mvbwz1q56eski4usgbj7emjvb4d.png/60px-%E5%8D%A1%E7%89%8C-%E8%A3%85%E5%A4%87%E7%89%8C-%E7%BA%AF%E6%B0%B4%E6%B5%81%E5%8D%8E.png","https://wiki.biligame.com/ys/%E5%8D%A1%E7%89%8C%EF%BC%9A%E7%BA%AF%E6%B0%B4%E6%B5%81%E5%8D%8E"
"金流监督","https://patchwiki.biligame.com/images/ys/thumb/e/e3/6yww7xhralahg431u25a7nx06mp17o1.png/60px-%E5%8D%A1%E7%89%8C-%E8%A3%85%E5%A4%87%E7%89%8C-%E9%87%91%E6%B5%81%E7%9B%91%E7%9D%A3.png","https://wiki.biligame.com/ys/%E5%8D%A1%E7%89%8C%EF%BC%9A%E9%87%91%E6%B5%81%E7%9B%91%E7%9D%A3"
"万世流涌大典","https://patchwiki.biligame.com/images/ys/thumb/d/dc/3bpwgd6h2vfn5bs9ybrno47ldqwlsp4.png/60px-%E5%8D%A1%E7%89%8C-%E8%A3%85%E5%A4%87%E7%89%8C-%E4%B8%87%E4%B8%96%E6%B5%81%E6%B6%8C%E5%A4%A7%E5%85%B8.png","https://wiki.biligame.com/ys/%E5%8D%A1%E7%89%8C%EF%BC%9A%E4%B8%87%E4%B8%96%E6%B5%81%E6%B6%8C%E5%A4%A7%E5%85%B8"
"四风原典","https://patchwiki.biligame.com/images/ys/thumb/9/90/7rwo2vsnp0d70hnmex622pqb7jdxd1y.png/60px-%E5%8D%A1%E7%89%8C-%E8%A3%85%E5%A4%87%E7%89%8C-%E5%9B%9B%E9%A3%8E%E5%8E%9F%E5%85%B8.png","https://wiki.biligame.com/ys/%E5%8D%A1%E7%89%8C%EF%BC%9A%E5%9B%9B%E9%A3%8E%E5%8E%9F%E5%85%B8"
"图莱杜拉的回忆","https://patchwiki.biligame.com/images/ys/thumb/5/57/h0x62k9vbc3yeh504r6ozfb1pc1fm8o.png/60px-%E5%8D%A1%E7%89%8C-%E8%A3%85%E5%A4%87%E7%89%8C-%E5%9B%BE%E8%8E%B1%E6%9D%9C%E6%8B%89%E7%9A%84%E5%9B%9E%E5%BF%86.png","https://wiki.biligame.com/ys/%E5%8D%A1%E7%89%8C%EF%BC%9A%E5%9B%BE%E8%8E%B1%E6%9D%9C%E6%8B%89%E7%9A%84%E5%9B%9E%E5%BF%86"
"盈满之实","https://patchwiki.biligame.com/images/ys/thumb/b/b6/7dg9qvwux1m0aul56u0rc536vaqfgnh.png/60px-%E5%8D%A1%E7%89%8C-%E8%A3%85%E5%A4%87%E7%89%8C-%E7%9B%88%E6%BB%A1%E4%B9%8B%E5%AE%9E.png","https://wiki.biligame.com/ys/%E5%8D%A1%E7%89%8C%EF%BC%9A%E7%9B%88%E6%BB%A1%E4%B9%8B%E5%AE%9E"
"千夜浮梦","https://patchwiki.biligame.com/images/ys/thumb/a/a3/pbunnolo314ig7xqoh0ey70sqvlyxbb.png/60px-%E5%8D%A1%E7%89%8C-%E8%A3%85%E5%A4%87%E7%89%8C-%E5%8D%83%E5%A4%9C%E6%B5%AE%E6%A2%A6.png","https://wiki.biligame.com/ys/%E5%8D%A1%E7%89%8C%EF%BC%9A%E5%8D%83%E5%A4%9C%E6%B5%AE%E6%A2%A6"
"天空之卷","https://patchwiki.biligame.com/images/ys/thumb/1/16/70tfp5w4d9lcha28c8t089d60ow5tnz.png/60px-%E5%8D%A1%E7%89%8C-%E8%A3%85%E5%A4%87%E7%89%8C-%E5%A4%A9%E7%A9%BA%E4%B9%8B%E5%8D%B7.png","https://wiki.biligame.com/ys/%E5%8D%A1%E7%89%8C%EF%BC%9A%E5%A4%A9%E7%A9%BA%E4%B9%8B%E5%8D%B7"
"祭礼残章","https://patchwiki.biligame.com/images/ys/thumb/8/83/4qb8wwdoak49myq4pygysp96m4q3w38.png/60px-%E5%8D%A1%E7%89%8C-%E8%A3%85%E5%A4%87%E7%89%8C-%E7%A5%AD%E7%A4%BC%E6%AE%8B%E7%AB%A0.png","https://wiki.biligame.com/ys/%E5%8D%A1%E7%89%8C%EF%BC%9A%E7%A5%AD%E7%A4%BC%E6%AE%8B%E7%AB%A0"
"魔导绪论","https://patchwiki.biligame.com/images/ys/thumb/9/9e/he124da9ttix42cvugqv5cogplltohw.png/60px-%E5%8D%A1%E7%89%8C-%E8%A3%85%E5%A4%87%E7%89%8C-%E9%AD%94%E5%AF%BC%E7%BB%AA%E8%AE%BA.png","https://wiki.biligame.com/ys/%E5%8D%A1%E7%89%8C%EF%BC%9A%E9%AD%94%E5%AF%BC%E7%BB%AA%E8%AE%BA"
"拾慧铸熔","https://patchwiki.biligame.com/images/ys/thumb/3/38/2h5hyryh2wtfmcxe5sbim288a6r1rsr.png/60px-%E5%8D%A1%E7%89%8C-%E8%A3%85%E5%A4%87%E7%89%8C-%E6%8B%BE%E6%85%A7%E9%93%B8%E7%86%94.png","https://wiki.biligame.com/ys/%E5%8D%A1%E7%89%8C%EF%BC%9A%E6%8B%BE%E6%85%A7%E9%93%B8%E7%86%94"
"若水","https://patchwiki.biligame.com/images/ys/thumb/5/59/knmu99lnyx09semx4irfmnmhakwukow.png/60px-%E5%8D%A1%E7%89%8C-%E8%A3%85%E5%A4%87%E7%89%8C-%E8%8B%A5%E6%B0%B4.png","https://wiki.biligame.com/ys/%E5%8D%A1%E7%89%8C%EF%BC%9A%E8%8B%A5%E6%B0%B4"
"船坞长剑","https://patchwiki.biligame.com/images/ys/thumb/2/2c/8fyv6ec9wxwgktadbeppg28bl99bp6q.png/60px-%E5%8D%A1%E7%89%8C-%E8%A3%85%E5%A4%87%E7%89%8C-%E8%88%B9%E5%9D%9E%E9%95%BF%E5%89%91.png","https://wiki.biligame.com/ys/%E5%8D%A1%E7%89%8C%EF%BC%9A%E8%88%B9%E5%9D%9E%E9%95%BF%E5%89%91"
"便携动力锯","https://patchwiki.biligame.com/images/ys/thumb/7/76/sxhoe05xwrbhh9libthjrjor2fek59e.png/60px-%E5%8D%A1%E7%89%8C-%E8%A3%85%E5%A4%87%E7%89%8C-%E4%BE%BF%E6%90%BA%E5%8A%A8%E5%8A%9B%E9%94%AF.png","https://wiki.biligame.com/ys/%E5%8D%A1%E7%89%8C%EF%BC%9A%E4%BE%BF%E6%90%BA%E5%8A%A8%E5%8A%9B%E9%94%AF"
"「究极霸王超级魔剑」","https://patchwiki.biligame.com/images/ys/thumb/5/5b/9gmqib6ti98tri36dz9gzjpk67e5v1k.png/60px-%E5%8D%A1%E7%89%8C-%E8%A3%85%E5%A4%87%E7%89%8C-%E3%80%8C%E7%A9%B6%E6%9E%81%E9%9C%B8%E7%8E%8B%E8%B6%85%E7%BA%A7%E9%AD%94%E5%89%91%E3%80%8D.png","https://wiki.biligame.com/ys/%E5%8D%A1%E7%89%8C%EF%BC%9A%E3%80%8C%E7%A9%B6%E6%9E%81%E9%9C%B8%E7%8E%8B%E8%B6%85%E7%BA%A7%E9%AD%94%E5%89%91%E3%80%8D"
"森林王器","https://patchwiki.biligame.com/images/ys/thumb/5/51/0opv3h0lfm8jyqjfsbcamzklairfv90.png/60px-%E5%8D%A1%E7%89%8C-%E8%A3%85%E5%A4%87%E7%89%8C-%E6%A3%AE%E6%9E%97%E7%8E%8B%E5%99%A8.png","https://wiki.biligame.com/ys/%E5%8D%A1%E7%89%8C%EF%BC%9A%E6%A3%AE%E6%9E%97%E7%8E%8B%E5%99%A8"
"竭泽","https://patchwiki.biligame.com/images/ys/thumb/1/15/f929irdph6iw22whobwwnoutqzex89v.png/60px-%E5%8D%A1%E7%89%8C-%E8%A3%85%E5%A4%87%E7%89%8C-%E7%AB%AD%E6%B3%BD.png","https://wiki.biligame.com/ys/%E5%8D%A1%E7%89%8C%EF%BC%9A%E7%AB%AD%E6%B3%BD"
"静水流涌之辉","https://patchwiki.biligame.com/images/ys/thumb/9/9c/6r1be259xe2595njztsffi9oqbt2miq.png/60px-%E5%8D%A1%E7%89%8C-%E8%A3%85%E5%A4%87%E7%89%8C-%E9%9D%99%E6%B0%B4%E6%B5%81%E6%B6%8C%E4%B9%8B%E8%BE%89.png","https://wiki.biligame.com/ys/%E5%8D%A1%E7%89%8C%EF%BC%9A%E9%9D%99%E6%B0%B4%E6%B5%81%E6%B6%8C%E4%B9%8B%E8%BE%89"
"原木刀","https://patchwiki.biligame.com/images/ys/thumb/1/1a/rivimrl6o69ygrfct4u3qi5ogwuzq76.png/60px-%E5%8D%A1%E7%89%8C-%E8%A3%85%E5%A4%87%E7%89%8C-%E5%8E%9F%E6%9C%A8%E5%88%80.png","https://wiki.biligame.com/ys/%E5%8D%A1%E7%89%8C%EF%BC%9A%E5%8E%9F%E6%9C%A8%E5%88%80"
"苇海信标","https://patchwiki.biligame.com/images/ys/thumb/7/70/5mcbh5budubrnvlgrfojj10g7ry2i7t.png/60px-%E5%8D%A1%E7%89%8C-%E8%A3%85%E5%A4%87%E7%89%8C-%E8%8B%87%E6%B5%B7%E4%BF%A1%E6%A0%87.png","https://wiki.biligame.com/ys/%E5%8D%A1%E7%89%8C%EF%BC%9A%E8%8B%87%E6%B5%B7%E4%BF%A1%E6%A0%87"
"裁叶萃光","https://patchwiki.biligame.com/images/ys/thumb/c/c1/d9pqvmcjmk0yd58587qy80aax4b6oqr.png/60px-%E5%8D%A1%E7%89%8C-%E8%A3%85%E5%A4%87%E7%89%8C-%E8%A3%81%E5%8F%B6%E8%90%83%E5%85%89.png","https://wiki.biligame.com/ys/%E5%8D%A1%E7%89%8C%EF%BC%9A%E8%A3%81%E5%8F%B6%E8%90%83%E5%85%89"
"王下近侍","https://patchwiki.biligame.com/images/ys/thumb/b/b0/8bzydnzutyrsgzm1ad9hz3cpyv8g0uq.png/60px-%E5%8D%A1%E7%89%8C-%E8%A3%85%E5%A4%87%E7%89%8C-%E7%8E%8B%E4%B8%8B%E8%BF%91%E4%BE%8D.png","https://wiki.biligame.com/ys/%E5%8D%A1%E7%89%8C%EF%BC%9A%E7%8E%8B%E4%B8%8B%E8%BF%91%E4%BE%8D"
"天空之傲","https://patchwiki.biligame.com/images/ys/thumb/9/91/1ulk3vm8cayooh3eiakk6pcsbezir2k.png/60px-%E5%8D%A1%E7%89%8C-%E8%A3%85%E5%A4%87%E7%89%8C-%E5%A4%A9%E7%A9%BA%E4%B9%8B%E5%82%B2.png","https://wiki.biligame.com/ys/%E5%8D%A1%E7%89%8C%EF%BC%9A%E5%A4%A9%E7%A9%BA%E4%B9%8B%E5%82%B2"
"天空之刃","https://patchwiki.biligame.com/images/ys/thumb/a/ad/8yn7ek9hlpkjap7kuzaxcmaeawuez9k.png/60px-%E5%8D%A1%E7%89%8C-%E8%A3%85%E5%A4%87%E7%89%8C-%E5%A4%A9%E7%A9%BA%E4%B9%8B%E5%88%83.png","https://wiki.biligame.com/ys/%E5%8D%A1%E7%89%8C%EF%BC%9A%E5%A4%A9%E7%A9%BA%E4%B9%8B%E5%88%83"
"终末嗟叹之诗","https://patchwiki.biligame.com/images/ys/thumb/c/c7/946cwro3dzjq0e6t5e3hiyxhgh1quqp.png/60px-%E5%8D%A1%E7%89%8C-%E8%A3%85%E5%A4%87%E7%89%8C-%E7%BB%88%E6%9C%AB%E5%97%9F%E5%8F%B9%E4%B9%8B%E8%AF%97.png","https://wiki.biligame.com/ys/%E5%8D%A1%E7%89%8C%EF%BC%9A%E7%BB%88%E6%9C%AB%E5%97%9F%E5%8F%B9%E4%B9%8B%E8%AF%97"
"钟剑","https://patchwiki.biligame.com/images/ys/thumb/c/c4/35hf5ftj971uln89s5ukva0bkorl5sf.png/60px-%E5%8D%A1%E7%89%8C-%E8%A3%85%E5%A4%87%E7%89%8C-%E9%92%9F%E5%89%91.png","https://wiki.biligame.com/ys/%E5%8D%A1%E7%89%8C%EF%BC%9A%E9%92%9F%E5%89%91"
"阿莫斯之弓","https://patchwiki.biligame.com/images/ys/thumb/e/e9/pb37cze3ngslubsou1iatkyrgymokzp.png/60px-%E5%8D%A1%E7%89%8C-%E8%A3%85%E5%A4%87%E7%89%8C-%E9%98%BF%E8%8E%AB%E6%96%AF%E4%B9%8B%E5%BC%93.png","https://wiki.biligame.com/ys/%E5%8D%A1%E7%89%8C%EF%BC%9A%E9%98%BF%E8%8E%AB%E6%96%AF%E4%B9%8B%E5%BC%93"
"西风剑","https://patchwiki.biligame.com/images/ys/thumb/e/e9/hlmn9pon3w2plsem1vnijehtdkz74qs.png/60px-%E5%8D%A1%E7%89%8C-%E8%A3%85%E5%A4%87%E7%89%8C-%E8%A5%BF%E9%A3%8E%E5%89%91.png","https://wiki.biligame.com/ys/%E5%8D%A1%E7%89%8C%EF%BC%9A%E8%A5%BF%E9%A3%8E%E5%89%91"
"天空之翼","https://patchwiki.biligame.com/images/ys/thumb/8/8e/40yfyoifbe5xx34wsunc0an6pl7w6ru.png/60px-%E5%8D%A1%E7%89%8C-%E8%A3%85%E5%A4%87%E7%89%8C-%E5%A4%A9%E7%A9%BA%E4%B9%8B%E7%BF%BC.png","https://wiki.biligame.com/ys/%E5%8D%A1%E7%89%8C%EF%BC%9A%E5%A4%A9%E7%A9%BA%E4%B9%8B%E7%BF%BC"
"旅行剑","https://patchwiki.biligame.com/images/ys/thumb/7/7f/2pifc3dlsyoxjmu1pndaseykh5lsgee.png/60px-%E5%8D%A1%E7%89%8C-%E8%A3%85%E5%A4%87%E7%89%8C-%E6%97%85%E8%A1%8C%E5%89%91.png","https://wiki.biligame.com/ys/%E5%8D%A1%E7%89%8C%EF%BC%9A%E6%97%85%E8%A1%8C%E5%89%91"
"狼的末路","https://patchwiki.biligame.com/images/ys/thumb/d/df/1gkxoaoh9oxky22zi8sk46bf98uaja5.png/60px-%E5%8D%A1%E7%89%8C-%E8%A3%85%E5%A4%87%E7%89%8C-%E7%8B%BC%E7%9A%84%E6%9C%AB%E8%B7%AF.png","https://wiki.biligame.com/ys/%E5%8D%A1%E7%89%8C%EF%BC%9A%E7%8B%BC%E7%9A%84%E6%9C%AB%E8%B7%AF"
"白铁大剑","https://patchwiki.biligame.com/images/ys/thumb/d/d3/9ym557lzbze7dok3ecm61p7nlm7et0p.png/60px-%E5%8D%A1%E7%89%8C-%E8%A3%85%E5%A4%87%E7%89%8C-%E7%99%BD%E9%93%81%E5%A4%A7%E5%89%91.png","https://wiki.biligame.com/ys/%E5%8D%A1%E7%89%8C%EF%BC%9A%E7%99%BD%E9%93%81%E5%A4%A7%E5%89%91"
"祭礼剑","https://patchwiki.biligame.com/images/ys/thumb/e/ed/rhqp0iimgfrhbirbmebpau2wge69e6e.png/60px-%E5%8D%A1%E7%89%8C-%E8%A3%85%E5%A4%87%E7%89%8C-%E7%A5%AD%E7%A4%BC%E5%89%91.png","https://wiki.biligame.com/ys/%E5%8D%A1%E7%89%8C%EF%BC%9A%E7%A5%AD%E7%A4%BC%E5%89%91"
"祭礼大剑","https://patchwiki.biligame.com/images/ys/thumb/a/af/it8hi8qjvsrg2cmz1nr0d32zc0zs14d.png/60px-%E5%8D%A1%E7%89%8C-%E8%A3%85%E5%A4%87%E7%89%8C-%E7%A5%AD%E7%A4%BC%E5%A4%A7%E5%89%91.png","https://wiki.biligame.com/ys/%E5%8D%A1%E7%89%8C%EF%BC%9A%E7%A5%AD%E7%A4%BC%E5%A4%A7%E5%89%91"
"祭礼弓","https://patchwiki.biligame.com/images/ys/thumb/b/bc/hzosu3c6jjjnrx0jvn01q0cadg7it3p.png/60px-%E5%8D%A1%E7%89%8C-%E8%A3%85%E5%A4%87%E7%89%8C-%E7%A5%AD%E7%A4%BC%E5%BC%93.png","https://wiki.biligame.com/ys/%E5%8D%A1%E7%89%8C%EF%BC%9A%E7%A5%AD%E7%A4%BC%E5%BC%93"
